{
  "n_items": 47,
  "failed_requests": 0,
  "request_success_rate": 1.0,
  "latency_ms_overall": {
    "mean_ms": 4231.491737592807,
    "p50_ms": 2745.1701660174876,
    "p95_ms": 5985.129928821697,
    "max_ms": 57374.29791712202
  },
  "latency_ms_success_only": {
    "mean_ms": 4231.491737592807,
    "p50_ms": 2745.1701660174876,
    "p95_ms": 5985.129928821697,
    "max_ms": 57374.29791712202
  },
  "quality_success_only": {
    "n_success": 47,
    "exact_match": 0.0,
    "contains_match": 0.0425531914893617,
    "token_f1": 0.029372887775405716,
    "retrieval_hit": 0.46808510638297873,
    "context_hit_rate": 0.33191489361702126,
    "mrr": 0.0,
    "hit@1": 0.0,
    "hit@3": 0.0,
    "hit@5": 0.0,
    "answer_len_tokens_mean": 6.148936170212766,
    "avg_context_len_tokens_mean": 126.12092198581563
  }
}